id,first_name,last_name,email,gender,ip_address
1,Lidia,Blackledge,lblackledge0@furl.net,Bigender,111.5.50.94
2,Oralle,Buske,obuske1@redcross.org,Agender,249.88.44.250
3,Hort,Milton-White,hmiltonwhite2@naver.com,Genderqueer,53.220.202.33
4,Baldwin,McGhie,bmcghie3@wikipedia.org,Female,163.24.175.247
5,Derward,Peachey,dpeachey4@imageshack.us,Genderqueer,105.146.144.46
6,Saidee,Burburough,sburburough5@networksolutions.com,Male,150.211.8.54
7,Kelbee,Westwood,kwestwood6@about.com,Genderfluid,208.100.209.166
8,Margaret,Nockles,mnockles7@irs.gov,Male,176.194.88.252
9,Angelina,Di Pietro,adipietro8@nature.com,Bigender,93.246.6.59
10,Falkner,Juliano,fjuliano9@discuz.net,Female,252.131.20.11
11,Antonia,Cregan,acregana@cornell.edu,Genderqueer,105.112.222.180
12,Brittaney,Voisey,bvoiseyb@wired.com,Genderqueer,103.170.220.172
13,Trent,Rosindill,trosindillc@wisc.edu,Female,103.224.69.211
14,Monica,Raubenheimers,mraubenheimersd@tamu.edu,Genderfluid,248.140.255.226
15,Thatch,Imason,timasone@g.co,Genderfluid,136.169.34.63
16,Adham,Nibley,anibleyf@woothemes.com,Non-binary,212.230.119.171
17,Tirrell,Marrett,tmarrettg@si.edu,Agender,175.84.132.7
18,Terry,Clampin,tclampinh@trellian.com,Genderqueer,197.136.175.117
19,Jammal,Woodyeare,jwoodyearei@webs.com,Genderqueer,200.42.15.246
20,Kennie,Peever,kpeeverj@statcounter.com,Genderqueer,147.172.40.213
21,Marlene,Docherty,mdochertyk@google.com.au,Genderfluid,180.140.168.246
22,Monro,MacInerney,mmacinerneyl@google.ca,Genderqueer,15.141.54.34
23,Loleta,Ludgate,lludgatem@stumbleupon.com,Male,120.208.202.195
24,Garwood,Theakston,gtheakstonn@seattletimes.com,Agender,39.85.226.15
25,Lyndsie,Sultan,lsultano@weather.com,Non-binary,0.73.148.169
26,Rosanne,Meco,rmecop@prnewswire.com,Polygender,13.31.50.221
27,Maud,Code,mcodeq@ca.gov,Genderfluid,195.211.75.58
28,Ekaterina,Platt,eplattr@yolasite.com,Genderqueer,5.164.181.51
29,Donni,Dupree,dduprees@usda.gov,Genderfluid,153.252.127.7
30,Carmen,Iacobini,ciacobinit@plala.or.jp,Male,68.90.225.157
31,Mirilla,Petteford,mpettefordu@youku.com,Female,75.253.58.23
32,Molly,Smye,msmyev@stanford.edu,Genderqueer,183.134.184.142
33,Carolin,Lebarree,clebarreew@ucoz.ru,Non-binary,25.60.205.150
34,Vale,Fergyson,vfergysonx@nydailynews.com,Genderfluid,119.150.206.117
35,Shem,O'Hickee,sohickeey@edublogs.org,Polygender,240.79.214.10
36,Sherlock,Pere,sperez@nsw.gov.au,Male,223.106.229.120
37,Anette,Ledwitch,aledwitch10@arstechnica.com,Genderqueer,219.248.224.248
38,Costanza,Troughton,ctroughton11@huffingtonpost.com,Polygender,221.210.28.199
39,Yardley,Malser,ymalser12@issuu.com,Male,173.78.119.25
40,Rustin,Munson,rmunson13@state.tx.us,Non-binary,241.26.23.95
41,Perri,Astie,pastie14@tinyurl.com,Bigender,169.12.116.56
42,Terra,Batter,tbatter15@vimeo.com,Agender,219.242.205.166
43,Abbe,Headley,aheadley16@psu.edu,Polygender,19.202.242.230
44,Stephani,Botler,sbotler17@prlog.org,Agender,21.80.184.6
45,Kakalina,Cawthery,kcawthery18@ihg.com,Bigender,57.116.118.245
46,Janis,Leathers,jleathers19@slate.com,Agender,174.219.58.14
47,Miranda,Pumphreys,mpumphreys1a@google.com.au,Genderfluid,14.7.154.6
48,Leontine,Forrest,lforrest1b@altervista.org,Non-binary,207.90.250.49
49,Teodor,Aggiss,taggiss1c@eventbrite.com,Polygender,177.198.158.101
50,Charin,Ahrendsen,cahrendsen1d@gmpg.org,Agender,106.151.63.33
51,Ellen,Flay,eflay1e@bravesites.com,Genderfluid,79.84.213.222
52,Brendon,Harwood,bharwood1f@microsoft.com,Agender,51.224.70.23
53,Fletch,Alflatt,falflatt1g@toplist.cz,Male,136.46.216.44
54,Eliza,Antoniewicz,eantoniewicz1h@reuters.com,Non-binary,248.161.231.86
55,Marcella,Stoyle,mstoyle1i@pagesperso-orange.fr,Female,121.11.235.118
56,Fairfax,Slemmonds,fslemmonds1j@usda.gov,Genderfluid,251.146.174.10
57,Cheryl,Standbrooke,cstandbrooke1k@wikimedia.org,Non-binary,197.1.140.217
58,Rubie,Cornner,rcornner1l@list-manage.com,Bigender,118.117.145.242
59,Dre,Abthorpe,dabthorpe1m@google.it,Non-binary,214.148.216.190
60,Pet,Bullin,pbullin1n@miibeian.gov.cn,Agender,147.77.40.32
61,Nanny,de Savery,ndesavery1o@answers.com,Genderfluid,82.191.72.1
62,Gaylor,Fraulo,gfraulo1p@oaic.gov.au,Genderqueer,192.234.86.149
63,El,Donlon,edonlon1q@shinystat.com,Polygender,225.94.67.100
64,Agnella,Milby,amilby1r@themeforest.net,Agender,228.1.235.17
65,Devlen,Gill,dgill1s@state.tx.us,Non-binary,96.190.76.208
66,Ardyth,Adderley,aadderley1t@ezinearticles.com,Male,234.101.229.136
67,Torrey,Foxall,tfoxall1u@nhs.uk,Genderqueer,227.62.9.191
68,Beatrix,Fulford,bfulford1v@loc.gov,Genderfluid,120.171.76.175
69,Rosetta,Hearst,rhearst1w@java.com,Male,49.118.114.168
70,Emelda,Inger,einger1x@epa.gov,Genderqueer,53.83.166.1
71,Corby,Charkham,ccharkham1y@about.me,Male,116.222.231.91
72,Pierce,Angrock,pangrock1z@alibaba.com,Bigender,196.22.3.152
73,Jenni,Duffield,jduffield20@tripod.com,Male,126.226.180.94
74,Linus,Huxley,lhuxley21@ycombinator.com,Genderqueer,114.7.170.234
75,Coretta,Lattos,clattos22@com.com,Polygender,181.82.182.141
76,Nevin,Winson,nwinson23@ucla.edu,Non-binary,104.120.214.50
77,Locke,Mickleburgh,lmickleburgh24@patch.com,Male,99.39.80.189
78,Steven,Tym,stym25@sogou.com,Bigender,213.245.193.112
79,Xenos,Adriani,xadriani26@mtv.com,Bigender,198.83.201.31
80,Kiri,Berryman,kberryman27@mapy.cz,Bigender,136.87.203.162
81,Hashim,Jedrachowicz,hjedrachowicz28@samsung.com,Agender,45.238.207.158
82,Pennie,McClure,pmcclure29@latimes.com,Female,129.247.115.156
83,Woodrow,Rumbellow,wrumbellow2a@dedecms.com,Male,41.230.250.81
84,Paulo,Portugal,pportugal2b@xinhuanet.com,Female,113.175.96.64
85,Earlie,Brideau,ebrideau2c@trellian.com,Genderqueer,104.246.248.15
86,Geneva,Moresby,gmoresby2d@apache.org,Bigender,216.3.199.18
87,Jess,Birds,jbirds2e@xing.com,Male,219.184.206.123
88,Carmelia,Perch,cperch2f@last.fm,Agender,240.172.230.1
89,Nicolis,Menco,nmenco2g@psu.edu,Male,79.80.223.140
90,Roberto,Pursehouse,rpursehouse2h@about.com,Male,140.161.151.30
91,Luce,Hatherill,lhatherill2i@toplist.cz,Male,139.124.53.21
92,Evanne,Buard,ebuard2j@netlog.com,Agender,83.41.76.61
93,Shayne,Zecchinelli,szecchinelli2k@google.fr,Bigender,248.28.80.4
94,Tiffani,Gowry,tgowry2l@quantcast.com,Polygender,26.5.138.201
95,Brunhilda,Inglish,binglish2m@slashdot.org,Agender,68.192.60.0
96,Johnette,Penritt,jpenritt2n@who.int,Genderfluid,175.137.205.192
97,Reggie,Starmont,rstarmont2o@privacy.gov.au,Non-binary,196.88.37.144
98,Dalia,Haskell,dhaskell2p@theglobeandmail.com,Bigender,133.194.160.176
99,Rodger,Brittle,rbrittle2q@taobao.com,Non-binary,110.44.92.218
100,Florella,Philpott,fphilpott2r@gmpg.org,Female,200.181.180.163
101,Aila,Garstang,agarstang2s@dion.ne.jp,Male,57.2.167.223
102,Sheffie,Valasek,svalasek2t@amazon.com,Agender,88.216.112.142
103,Gregoire,Cockill,gcockill2u@noaa.gov,Agender,157.3.31.82
104,Cornelia,Edwards,cedwards2v@arizona.edu,Non-binary,150.73.33.79
105,Huberto,Nunson,hnunson2w@soup.io,Polygender,151.125.220.75
106,Coralie,Rustedge,crustedge2x@irs.gov,Genderfluid,247.187.169.196
107,Dame,Kobpa,dkobpa2y@scribd.com,Polygender,215.40.11.52
108,Merwin,Druhan,mdruhan2z@wikimedia.org,Genderfluid,123.231.0.34
109,Bessy,Avramovich,bavramovich30@wired.com,Polygender,135.92.202.176
110,Mikel,Cleugher,mcleugher31@pcworld.com,Polygender,161.94.25.1
111,Robbie,Josling,rjosling32@diigo.com,Genderqueer,39.86.124.105
112,Dorey,Bridgwood,dbridgwood33@ustream.tv,Non-binary,212.57.110.175
113,Hunter,Wallace,hwallace34@ibm.com,Agender,30.3.60.202
114,Nickola,Truss,ntruss35@newyorker.com,Polygender,65.163.150.144
115,Darren,McLinden,dmclinden36@hao123.com,Bigender,90.125.157.188
116,Lamond,Jadczak,ljadczak37@auda.org.au,Polygender,237.236.184.7
117,Tiertza,Clowton,tclowton38@unicef.org,Genderfluid,75.170.162.157
118,Jamill,Von Brook,jvonbrook39@goodreads.com,Agender,211.60.200.248
119,Randy,Sheward,rsheward3a@google.pl,Genderqueer,230.188.125.228
120,Eadith,Christophersen,echristophersen3b@nasa.gov,Bigender,198.92.219.13
121,Kerianne,Luca,kluca3c@shinystat.com,Genderqueer,48.48.102.70
122,Whittaker,Kamien,wkamien3d@shinystat.com,Genderqueer,131.34.1.156
123,Tobiah,Francescozzi,tfrancescozzi3e@utexas.edu,Polygender,187.81.87.160
124,Timotheus,Jolin,tjolin3f@goo.gl,Bigender,46.82.236.221
125,Weston,Burtwistle,wburtwistle3g@nih.gov,Genderfluid,187.127.97.10
126,Tony,Feldbau,tfeldbau3h@amazon.de,Non-binary,135.4.99.208
127,Morten,Nickoles,mnickoles3i@homestead.com,Genderfluid,230.80.38.36
128,Jeremy,Brazelton,jbrazelton3j@cnn.com,Polygender,171.108.1.97
129,Julieta,Santo,jsanto3k@va.gov,Non-binary,160.43.234.188
130,Maxy,Taggerty,mtaggerty3l@nasa.gov,Genderfluid,104.10.102.166
131,Ike,Ixor,iixor3m@state.gov,Polygender,175.93.59.192
132,Schuyler,Cornbell,scornbell3n@mediafire.com,Agender,68.210.158.33
133,Mordecai,Di Carli,mdicarli3o@facebook.com,Female,99.206.78.239
134,Zarla,Bebbington,zbebbington3p@meetup.com,Genderfluid,217.200.49.10
135,Adriena,Ybarra,aybarra3q@intel.com,Agender,37.90.170.43
136,Langston,Davydenko,ldavydenko3r@spiegel.de,Bigender,214.216.11.188
137,Kiele,Freyn,kfreyn3s@japanpost.jp,Non-binary,38.170.143.55
138,Estele,Whittuck,ewhittuck3t@columbia.edu,Genderfluid,131.110.251.47
139,Rustin,Quipp,rquipp3u@usda.gov,Genderfluid,239.227.116.250
140,Garnette,Qualtrough,gqualtrough3v@123-reg.co.uk,Genderqueer,149.15.85.166
141,Shanna,Sapp,ssapp3w@bloglines.com,Genderfluid,45.223.82.215
142,Wilhelmine,Bennallck,wbennallck3x@delicious.com,Female,39.138.206.148
143,Wendy,Elcoat,welcoat3y@harvard.edu,Genderfluid,237.231.198.223
144,Tiebold,Hockell,thockell3z@google.ru,Genderfluid,49.207.200.109
145,Jacinthe,Warton,jwarton40@e-recht24.de,Genderqueer,86.255.8.238
146,Romain,Pardue,rpardue41@netscape.com,Male,242.209.39.198
147,Petunia,Seamarke,pseamarke42@washington.edu,Non-binary,141.187.122.107
148,Erena,McGuirk,emcguirk43@about.com,Female,35.122.181.21
149,Patrizia,Farlambe,pfarlambe44@disqus.com,Genderqueer,60.167.250.80
150,Ashla,Laker,alaker45@stumbleupon.com,Bigender,10.72.135.203
151,Lora,Le Grice,llegrice46@gmpg.org,Non-binary,123.179.52.200
152,Aila,Skingle,askingle47@berkeley.edu,Agender,126.86.127.230
153,Romona,Diego,rdiego48@wikispaces.com,Agender,223.20.159.92
154,Kiah,Bruce,kbruce49@biblegateway.com,Male,135.159.184.104
155,Millard,Riping,mriping4a@shutterfly.com,Agender,3.196.229.111
156,Torry,Connar,tconnar4b@japanpost.jp,Bigender,198.19.212.108
157,Mamie,Gilardoni,mgilardoni4c@businessinsider.com,Non-binary,17.67.68.204
158,Keri,Bleyman,kbleyman4d@auda.org.au,Bigender,247.93.91.12
159,Daffi,Gladdin,dgladdin4e@paypal.com,Female,64.114.208.158
160,Nadean,Rilston,nrilston4f@narod.ru,Agender,62.132.128.67
161,Aloysia,Spikings,aspikings4g@irs.gov,Non-binary,41.144.30.194
162,Sherlocke,Polk,spolk4h@nydailynews.com,Polygender,239.211.209.133
163,Gennifer,Peachey,gpeachey4i@foxnews.com,Bigender,120.202.161.137
164,Westleigh,Tomkinson,wtomkinson4j@amazon.co.jp,Male,129.183.235.142
165,Edithe,Miquelet,emiquelet4k@vistaprint.com,Genderqueer,146.119.222.98
166,Latisha,Vokes,lvokes4l@wp.com,Genderfluid,242.130.242.103
167,Doralin,Jordine,djordine4m@salon.com,Non-binary,62.83.152.74
168,Andrea,Rowaszkiewicz,arowaszkiewicz4n@naver.com,Bigender,90.50.157.207
169,Darius,Brownill,dbrownill4o@cpanel.net,Female,22.223.131.57
170,Randal,Peye,rpeye4p@wunderground.com,Bigender,88.142.209.104
171,Percival,Ferrick,pferrick4q@addthis.com,Male,93.213.192.96
172,Enrichetta,Aingell,eaingell4r@usnews.com,Male,228.59.229.150
173,Earle,De Brett,edebrett4s@google.nl,Agender,49.5.233.15
174,Brent,Legh,blegh4t@issuu.com,Male,250.236.237.174
175,Seymour,Wesker,swesker4u@discovery.com,Male,142.125.235.69
176,Cazzie,Dayley,cdayley4v@technorati.com,Genderfluid,241.140.245.212
177,Ced,Blinde,cblinde4w@e-recht24.de,Non-binary,75.243.150.153
178,Anestassia,Hardwicke,ahardwicke4x@mit.edu,Genderfluid,102.156.2.49
179,Martainn,Westrope,mwestrope4y@bluehost.com,Polygender,36.88.42.67
180,Gennie,Frenchum,gfrenchum4z@blogspot.com,Male,70.242.49.213
181,Elia,Kolis,ekolis50@angelfire.com,Bigender,208.33.104.246
182,Werner,Addyman,waddyman51@digg.com,Agender,185.144.169.116
183,Hollyanne,Larway,hlarway52@mysql.com,Genderfluid,163.131.145.43
184,Lory,Banaszewski,lbanaszewski53@moonfruit.com,Non-binary,203.73.150.42
185,Holly-anne,Duddridge,hduddridge54@imageshack.us,Male,48.61.250.134
186,Lucila,Somner,lsomner55@si.edu,Polygender,87.61.47.227
187,Emmye,O' Neligan,eoneligan56@i2i.jp,Non-binary,16.22.38.45
188,Pauly,Kilfeather,pkilfeather57@nydailynews.com,Male,193.123.2.175
189,Glynn,Hankey,ghankey58@ehow.com,Genderfluid,120.60.139.35
190,Vanny,Ody,vody59@123-reg.co.uk,Polygender,71.133.94.146
191,Bald,Domenichelli,bdomenichelli5a@mail.ru,Female,42.185.172.248
192,Ari,Bumby,abumby5b@myspace.com,Female,147.50.17.71
193,Avrom,Woodyer,awoodyer5c@ft.com,Agender,125.175.111.207
194,Jilly,Baroche,jbaroche5d@seattletimes.com,Bigender,182.105.112.20
195,Tatiana,De Gregoli,tdegregoli5e@mozilla.com,Bigender,119.149.169.244
196,Alexander,Sneesbie,asneesbie5f@loc.gov,Non-binary,94.67.124.60
197,Leupold,Lorroway,llorroway5g@theatlantic.com,Polygender,63.237.13.24
198,Nadia,Stuer,nstuer5h@sohu.com,Non-binary,138.141.53.210
199,Durward,Goodlip,dgoodlip5i@google.de,Non-binary,67.141.249.243
200,Iggy,Beaufoy,ibeaufoy5j@topsy.com,Bigender,112.45.55.7
201,Nollie,Fellibrand,nfellibrand5k@squarespace.com,Genderqueer,88.158.115.98
202,Jameson,Bartusek,jbartusek5l@indiegogo.com,Non-binary,59.197.39.135
203,Justen,Clingoe,jclingoe5m@boston.com,Genderqueer,36.143.3.232
204,Leigh,Feltoe,lfeltoe5n@histats.com,Non-binary,97.164.74.122
205,Lyndell,Crosscombe,lcrosscombe5o@addthis.com,Non-binary,30.16.21.85
206,Gard,Rhymer,grhymer5p@blogs.com,Male,181.43.156.157
207,Juliane,Corssen,jcorssen5q@wiley.com,Female,144.252.49.11
208,Brunhilde,Quarterman,bquarterman5r@time.com,Genderfluid,179.55.173.170
209,Granger,Rainbow,grainbow5s@archive.org,Female,159.124.48.35
210,Myrtle,Danher,mdanher5t@cdbaby.com,Genderqueer,52.43.232.195
211,Patsy,Dombrell,pdombrell5u@oaic.gov.au,Female,147.40.151.193
212,Krishnah,Ormonde,kormonde5v@nyu.edu,Male,176.54.97.28
213,Laura,Mattingson,lmattingson5w@scribd.com,Bigender,140.129.34.127
214,Brittani,Karel,bkarel5x@g.co,Non-binary,105.237.3.146
215,Kermie,Starsmeare,kstarsmeare5y@marriott.com,Bigender,7.152.157.88
216,Malina,Gordon-Giles,mgordongiles5z@washington.edu,Agender,201.39.123.192
217,Clemmie,Conduit,cconduit60@bloglovin.com,Bigender,42.168.161.151
218,Georgianne,Creedland,gcreedland61@diigo.com,Female,127.116.185.123
219,Devondra,Greves,dgreves62@angelfire.com,Female,2.214.100.97
220,Kristy,Palfrie,kpalfrie63@google.com.hk,Genderqueer,154.142.171.195
221,Collete,Greenless,cgreenless64@hud.gov,Female,52.225.22.125
222,Ann-marie,Tunnah,atunnah65@sina.com.cn,Polygender,60.177.176.192
223,Quinlan,Rackham,qrackham66@europa.eu,Genderqueer,147.33.151.235
224,Chrysler,Kestin,ckestin67@list-manage.com,Genderqueer,207.50.208.120
225,Gertruda,Stranger,gstranger68@google.de,Genderfluid,254.58.14.36
226,Rycca,Bentall,rbentall69@berkeley.edu,Agender,156.131.107.37
227,Padriac,Bielefeld,pbielefeld6a@netvibes.com,Non-binary,227.91.20.151
228,Vanya,Gatcliff,vgatcliff6b@businessweek.com,Genderqueer,50.28.237.169
229,Berke,Matton,bmatton6c@boston.com,Polygender,54.168.188.11
230,Merrie,Laweles,mlaweles6d@slideshare.net,Male,32.241.196.119
231,Kayla,Sambeck,ksambeck6e@ezinearticles.com,Agender,87.189.55.36
232,Rosemonde,Tasseler,rtasseler6f@printfriendly.com,Genderfluid,96.97.68.175
233,Misti,Cole,mcole6g@nps.gov,Female,246.75.208.218
234,Valeria,Renowden,vrenowden6h@japanpost.jp,Genderqueer,108.7.183.150
235,Derrik,Pyrah,dpyrah6i@pinterest.com,Bigender,143.210.20.41
236,Marguerite,Mccaull,mmccaull6j@smugmug.com,Female,5.100.158.182
237,Rosie,Domnick,rdomnick6k@apple.com,Genderfluid,213.94.75.47
238,Vinnie,Friel,vfriel6l@ehow.com,Genderqueer,213.65.93.47
239,Northrup,Barosch,nbarosch6m@xrea.com,Agender,58.83.249.165
240,Muire,Marchington,mmarchington6n@slashdot.org,Female,78.178.5.253
241,Martin,Slark,mslark6o@mit.edu,Genderfluid,11.90.167.168
242,Parrnell,Scampion,pscampion6p@google.nl,Female,34.91.197.0
243,Magdalena,Franchioni,mfranchioni6q@npr.org,Genderqueer,113.0.200.231
244,Mario,Brace,mbrace6r@eepurl.com,Male,5.254.97.231
245,Jeffry,Polson,jpolson6s@skype.com,Non-binary,133.140.210.174
246,Calvin,Ayliff,cayliff6t@opensource.org,Genderqueer,25.120.18.95
247,Randa,Yitzhok,ryitzhok6u@nhs.uk,Bigender,44.64.52.255
248,Aubrette,Revell,arevell6v@state.gov,Agender,124.208.136.142
249,Auberon,Yansons,ayansons6w@gnu.org,Genderfluid,38.179.193.255
250,Grethel,Sterre,gsterre6x@shinystat.com,Agender,121.217.135.243
251,Torre,Robic,trobic6y@who.int,Genderfluid,128.225.146.5
252,Tanner,Mant,tmant6z@epa.gov,Male,188.162.66.191
253,Elton,Dillicate,edillicate70@is.gd,Non-binary,191.140.24.249
254,Harlan,Eisikowitch,heisikowitch71@exblog.jp,Genderqueer,87.163.126.83
255,Georgette,Marklin,gmarklin72@amazon.com,Agender,150.237.173.109
256,Melicent,Harlock,mharlock73@slideshare.net,Genderqueer,134.164.201.198
257,Allyn,Smallpiece,asmallpiece74@java.com,Non-binary,228.33.14.226
258,Brew,Sadlier,bsadlier75@networkadvertising.org,Female,84.15.10.2
259,Harbert,Chaucer,hchaucer76@bluehost.com,Genderfluid,184.215.133.213
260,Annabel,McSwan,amcswan77@cnet.com,Polygender,200.5.233.135
261,Ailis,Pohl,apohl78@globo.com,Agender,178.208.89.24
262,Klarrisa,Sweet,ksweet79@360.cn,Bigender,43.173.221.232
263,Fay,Tufts,ftufts7a@squarespace.com,Polygender,228.120.237.234
264,Kellyann,Pirrone,kpirrone7b@time.com,Bigender,79.220.171.227
265,Clea,St. Quentin,cstquentin7c@ifeng.com,Agender,124.123.49.198
266,Caresa,Tindley,ctindley7d@army.mil,Male,39.180.107.21
267,Dolores,Chaffyn,dchaffyn7e@booking.com,Genderfluid,5.233.36.230
268,Darcey,Wishkar,dwishkar7f@zdnet.com,Male,51.210.103.216
269,Gilligan,Baughan,gbaughan7g@cdc.gov,Genderqueer,21.101.213.130
270,Thorn,Jorn,tjorn7h@mit.edu,Bigender,59.89.20.204
271,Olivette,Itshak,oitshak7i@odnoklassniki.ru,Female,154.158.185.87
272,Addia,Caroline,acaroline7j@narod.ru,Bigender,22.249.115.254
273,Elwira,Dubbin,edubbin7k@sciencedirect.com,Polygender,142.120.29.24
274,Renae,Biasio,rbiasio7l@dell.com,Male,186.160.245.193
275,Sheppard,Longson,slongson7m@storify.com,Polygender,98.115.163.175
276,Zebedee,Eykel,zeykel7n@netlog.com,Agender,166.40.162.98
277,Tracie,Bidewel,tbidewel7o@youtube.com,Genderqueer,78.192.46.205
278,Rafaela,Bunning,rbunning7p@istockphoto.com,Genderfluid,247.202.215.129
279,Amil,Tremmel,atremmel7q@ted.com,Bigender,85.9.188.246
280,Dimitri,Greenroa,dgreenroa7r@google.nl,Male,218.77.124.36
281,Wiatt,Lutwidge,wlutwidge7s@privacy.gov.au,Female,50.169.180.220
282,Palmer,McPaik,pmcpaik7t@printfriendly.com,Polygender,238.179.187.187
283,Vevay,Kelsow,vkelsow7u@clickbank.net,Genderfluid,209.97.84.239
284,Westbrooke,Guinery,wguinery7v@goo.gl,Female,92.213.15.45
285,Joya,Leeburne,jleeburne7w@virginia.edu,Polygender,110.42.180.45
286,Elisa,Scedall,escedall7x@jalbum.net,Non-binary,69.80.36.219
287,Drusy,Rogez,drogez7y@163.com,Non-binary,178.173.62.159
288,Sollie,Skedgell,sskedgell7z@shutterfly.com,Female,229.165.173.72
289,Noni,Boast,nboast80@technorati.com,Male,233.113.107.81
290,Gui,Cain,gcain81@nba.com,Bigender,241.71.26.120
291,Jaime,Hunston,jhunston82@marketwatch.com,Genderqueer,165.98.37.102
292,Antonetta,Bowyer,abowyer83@4shared.com,Genderqueer,131.21.152.70
293,Gardener,Jeandin,gjeandin84@friendfeed.com,Bigender,174.21.90.21
294,Kane,Kempston,kkempston85@skyrock.com,Agender,229.80.213.102
295,Rhiamon,Rankcom,rrankcom86@typepad.com,Bigender,89.247.49.163
296,Ervin,Noone,enoone87@histats.com,Male,202.239.122.84
297,Brana,Darree,bdarree88@nature.com,Bigender,62.158.238.210
298,Alvina,Oman,aoman89@nymag.com,Bigender,5.250.134.132
299,Lowe,De Marchi,ldemarchi8a@usgs.gov,Female,12.185.101.235
300,Dacy,Wrankling,dwrankling8b@furl.net,Male,213.239.90.43
301,Bryon,Huetson,bhuetson8c@amazon.co.jp,Genderqueer,193.148.40.106
302,Petronia,Bowland,pbowland8d@foxnews.com,Genderqueer,48.125.175.205
303,Anett,Younghusband,ayounghusband8e@fastcompany.com,Female,158.169.230.105
304,Raimondo,Kisbee,rkisbee8f@acquirethisname.com,Genderqueer,254.207.162.246
305,Lorrie,Gariff,lgariff8g@bing.com,Genderqueer,29.90.47.104
306,Scotti,Dagg,sdagg8h@lulu.com,Polygender,64.242.163.63
307,Yetty,Muston,ymuston8i@nymag.com,Non-binary,60.200.22.210
308,Rosene,Manshaw,rmanshaw8j@pinterest.com,Genderfluid,19.217.28.8
309,Marcus,Fernier,mfernier8k@bbb.org,Polygender,174.37.161.188
310,Junie,Lapwood,jlapwood8l@nature.com,Polygender,81.32.152.17
311,Nikki,Botcherby,nbotcherby8m@google.co.uk,Female,178.198.186.238
312,Vasily,Manus,vmanus8n@soup.io,Polygender,38.4.148.179
313,Leonid,Coumbe,lcoumbe8o@columbia.edu,Genderfluid,192.53.1.71
314,Lewes,Ricardot,lricardot8p@eepurl.com,Bigender,99.19.13.55
315,Jimmy,Diehn,jdiehn8q@google.co.jp,Non-binary,228.194.15.198
316,Rachel,Huyhton,rhuyhton8r@stumbleupon.com,Polygender,91.157.60.39
317,Julina,Budik,jbudik8s@google.de,Genderfluid,96.244.106.189
318,Alleyn,Chezelle,achezelle8t@yellowpages.com,Genderfluid,8.65.42.74
319,Karil,Hatchard,khatchard8u@histats.com,Female,137.41.119.24
320,Alison,McGarvie,amcgarvie8v@mit.edu,Polygender,199.193.51.168
321,Adolph,Leyzell,aleyzell8w@sciencedirect.com,Polygender,237.0.63.16
322,Sidonia,Teare,steare8x@mapy.cz,Genderqueer,10.131.183.68
323,Jacki,Prigg,jprigg8y@ehow.com,Agender,193.160.95.54
324,Ivett,Glencorse,iglencorse8z@ezinearticles.com,Non-binary,210.90.169.192
325,Toby,Sneezem,tsneezem90@ameblo.jp,Polygender,37.43.175.124
326,Gray,Kaesmakers,gkaesmakers91@digg.com,Genderqueer,142.147.183.198
327,Idelle,Letchford,iletchford92@thetimes.co.uk,Genderfluid,225.77.219.22
328,Katerina,Clorley,kclorley93@ehow.com,Genderqueer,86.104.179.149
329,Dody,Pouton,dpouton94@google.ru,Genderfluid,72.140.170.168
330,Lesley,Guerriero,lguerriero95@fc2.com,Bigender,180.224.171.147
331,Timmi,Lindenstrauss,tlindenstrauss96@github.io,Bigender,187.113.158.122
332,Abram,MacKeller,amackeller97@issuu.com,Female,115.159.204.75
333,Cobbie,Stubley,cstubley98@wikimedia.org,Genderqueer,195.93.78.99
334,Vitoria,Delion,vdelion99@uiuc.edu,Agender,19.157.181.48
335,Austin,Josselson,ajosselson9a@walmart.com,Non-binary,248.68.56.78
336,Sim,Sowthcote,ssowthcote9b@mysql.com,Non-binary,145.142.45.254
337,Julia,Aries,jaries9c@mac.com,Female,155.176.58.74
338,Anet,de Savery,adesavery9d@amazon.de,Polygender,168.174.18.30
339,Alanah,Sarchwell,asarchwell9e@posterous.com,Genderfluid,206.252.247.183
340,Gregorius,Raysdale,graysdale9f@constantcontact.com,Genderfluid,183.171.213.205
341,Base,Whitfield,bwhitfield9g@uol.com.br,Agender,26.162.36.79
342,Danni,Pittford,dpittford9h@weibo.com,Non-binary,183.127.9.4
343,Myrwyn,Jurisic,mjurisic9i@admin.ch,Non-binary,81.167.96.35
344,Marget,Ledes,mledes9j@pinterest.com,Genderqueer,16.238.152.108
345,Clovis,Mustchin,cmustchin9k@latimes.com,Male,225.219.240.219
346,Mariquilla,Sandham,msandham9l@hao123.com,Male,209.57.10.17
347,Ann,Meconi,ameconi9m@time.com,Polygender,46.101.134.208
348,Tawnya,Naylor,tnaylor9n@indiatimes.com,Polygender,128.203.147.1
349,Keir,Glazer,kglazer9o@eepurl.com,Genderqueer,138.176.161.188
350,Atlante,Griffiths,agriffiths9p@biblegateway.com,Polygender,246.158.101.50
351,Ambrosius,Stratley,astratley9q@merriam-webster.com,Male,58.19.216.15
352,Purcell,Hoston,phoston9r@alexa.com,Genderfluid,15.36.247.214
353,Kylila,Glynn,kglynn9s@aboutads.info,Non-binary,96.128.70.197
354,Monica,Houlden,mhoulden9t@springer.com,Non-binary,153.20.89.147
355,Ainsley,Faithfull,afaithfull9u@goo.gl,Genderqueer,30.107.3.104
356,Tarra,Haddacks,thaddacks9v@weebly.com,Polygender,145.44.111.194
357,Lou,Gownge,lgownge9w@foxnews.com,Genderqueer,131.151.245.41
358,De,Rotlauf,drotlauf9x@chicagotribune.com,Non-binary,0.123.223.84
359,Daffi,Sangar,dsangar9y@posterous.com,Genderfluid,181.157.204.29
360,Sheba,Guiness,sguiness9z@lycos.com,Non-binary,74.38.159.147
361,Efren,Breitling,ebreitlinga0@salon.com,Genderqueer,141.96.48.183
362,Candide,Lawlie,clawliea1@yale.edu,Agender,170.2.202.200
363,Lewie,Harrisson,lharrissona2@networksolutions.com,Male,75.64.30.147
364,Issiah,Cowper,icowpera3@tamu.edu,Male,70.37.215.70
365,Margo,Andraud,mandrauda4@fastcompany.com,Non-binary,160.122.248.138
366,Jeramey,O' Byrne,jobyrnea5@microsoft.com,Bigender,165.172.195.83
367,Vivianna,Van de Velde,vvandeveldea6@cocolog-nifty.com,Genderqueer,235.224.45.66
368,Tracee,Lorkings,tlorkingsa7@java.com,Bigender,45.114.223.133
369,Cristy,Grimsey,cgrimseya8@umich.edu,Genderqueer,141.230.198.82
370,Murial,Selly,msellya9@bing.com,Bigender,59.156.50.53
371,Myles,Shoebridge,mshoebridgeaa@usgs.gov,Agender,11.128.48.160
372,Annabela,Avarne,aavarneab@newsvine.com,Bigender,51.166.131.59
373,Randal,Stallard,rstallardac@dot.gov,Bigender,171.31.219.58
374,Tallou,Boutell,tboutellad@w3.org,Genderfluid,201.205.160.44
375,Hailey,Meugens,hmeugensae@mapy.cz,Genderqueer,101.208.124.36
376,Haze,Scadden,hscaddenaf@pcworld.com,Male,111.142.202.31
377,Hollis,Blainey,hblaineyag@reverbnation.com,Genderqueer,25.210.56.120
378,Hinda,Koppe,hkoppeah@sourceforge.net,Female,99.213.165.31
379,Quinn,Sparey,qspareyai@umn.edu,Bigender,247.37.248.60
380,Miquela,Gash,mgashaj@biblegateway.com,Agender,6.126.64.129
381,Merlina,Presley,mpresleyak@t-online.de,Polygender,88.126.18.180
382,Fidelia,Michell,fmichellal@qq.com,Male,179.4.16.155
383,Zena,Praundlin,zpraundlinam@instagram.com,Genderfluid,43.143.21.97
384,Thatch,Tieman,ttiemanan@google.es,Genderfluid,99.83.188.232
385,Juliette,Gherardelli,jgherardelliao@bluehost.com,Non-binary,220.192.118.25
386,Dionne,Durston,ddurstonap@marriott.com,Polygender,61.249.112.245
387,Adaline,Brazier,abrazieraq@odnoklassniki.ru,Male,205.69.107.148
388,Kamila,Hurnell,khurnellar@npr.org,Female,32.50.221.206
389,Lothario,Cray,lcrayas@samsung.com,Polygender,150.33.196.223
390,Hillard,Glasgow,hglasgowat@amazon.de,Female,161.4.18.227
391,Randie,Berrycloth,rberryclothau@quantcast.com,Polygender,205.233.45.235
392,Mabelle,Greedyer,mgreedyerav@diigo.com,Non-binary,105.228.123.249
393,Staffard,Cristofanini,scristofaniniaw@cnet.com,Female,20.220.211.189
394,Arturo,Crewther,acrewtherax@liveinternet.ru,Genderqueer,43.127.60.42
395,Hayley,Skouling,hskoulingay@pen.io,Male,90.99.165.57
396,Charmane,Peatt,cpeattaz@weather.com,Male,123.75.88.120
397,Boote,Derbyshire,bderbyshireb0@columbia.edu,Genderqueer,21.2.81.193
398,Dianna,Bullas,dbullasb1@parallels.com,Genderqueer,22.241.253.252
399,Estelle,Darnody,edarnodyb2@nih.gov,Bigender,81.237.33.100
400,Richart,Schuck,rschuckb3@so-net.ne.jp,Male,183.20.87.71
401,Perkin,Bladesmith,pbladesmithb4@wikimedia.org,Polygender,124.86.131.153
402,Kellie,Tommis,ktommisb5@list-manage.com,Polygender,15.21.95.26
403,Jsandye,Batrick,jbatrickb6@geocities.jp,Male,119.66.251.193
404,Ketti,Barrows,kbarrowsb7@themeforest.net,Genderfluid,82.11.74.90
405,Babara,Baldacco,bbaldaccob8@mac.com,Polygender,87.127.80.104
406,Fielding,Rousel,frouselb9@reuters.com,Polygender,155.171.197.44
407,Daniella,Agglio,dagglioba@seesaa.net,Genderfluid,131.238.67.33
408,Faustine,Davidou,fdavidoubb@clickbank.net,Female,2.160.200.56
409,Jennie,Maddison,jmaddisonbc@pbs.org,Female,5.94.34.103
410,Tamara,Landreth,tlandrethbd@ed.gov,Polygender,96.160.41.168
411,Woodrow,Wegner,wwegnerbe@unicef.org,Bigender,172.107.231.213
412,Ramon,Enderson,rendersonbf@webnode.com,Genderqueer,217.130.59.158
413,Ronnie,Boutellier,rboutellierbg@ted.com,Genderqueer,137.148.79.93
414,Brendan,Claye,bclayebh@marriott.com,Agender,82.241.219.168
415,Dennis,McLese,dmclesebi@newsvine.com,Genderqueer,226.20.80.32
416,Benson,Simons,bsimonsbj@jimdo.com,Non-binary,85.238.156.110
417,Hagen,Bax,hbaxbk@apache.org,Bigender,175.171.171.33
418,Rodina,Lark,rlarkbl@microsoft.com,Male,188.35.87.235
419,Romola,Cuddehy,rcuddehybm@printfriendly.com,Female,240.41.34.105
420,Milzie,Mompesson,mmompessonbn@merriam-webster.com,Genderfluid,233.83.62.63
421,Erminie,Rizzardi,erizzardibo@booking.com,Male,121.17.177.246
422,Darwin,Logsdail,dlogsdailbp@walmart.com,Agender,69.38.47.160
423,Conrade,Lampl,clamplbq@bbc.co.uk,Agender,48.33.108.84
424,Ally,Scalia,ascaliabr@webmd.com,Bigender,4.84.198.129
425,Torie,Tomalin,ttomalinbs@amazon.de,Polygender,173.197.172.151
426,Lani,Congreve,lcongrevebt@slideshare.net,Female,64.191.85.38
427,Robert,Cecely,rcecelybu@google.pl,Agender,44.168.126.100
428,Rora,Pegden,rpegdenbv@addtoany.com,Female,220.150.133.2
429,Kirsten,Dourin,kdourinbw@wix.com,Non-binary,121.238.231.241
430,Marius,Pavyer,mpavyerbx@cbslocal.com,Female,112.162.6.121
431,Lib,O'Dulchonta,lodulchontaby@alibaba.com,Female,84.178.172.65
432,Tedda,Bolletti,tbollettibz@unc.edu,Agender,141.129.209.214
433,Laverne,Cowterd,lcowterdc0@scribd.com,Polygender,2.6.163.4
434,Ogdan,Vaud,ovaudc1@hubpages.com,Genderfluid,122.146.76.17
435,Phillida,Cornu,pcornuc2@histats.com,Polygender,225.241.121.142
436,Evie,Shrimptone,eshrimptonec3@webnode.com,Bigender,44.114.126.119
437,Stanfield,Curner,scurnerc4@symantec.com,Bigender,252.134.47.249
438,Jackquelin,Fulmen,jfulmenc5@smh.com.au,Agender,133.171.76.6
439,Maryrose,Esselin,messelinc6@prlog.org,Bigender,32.71.127.15
440,Lexine,Givens,lgivensc7@twitter.com,Agender,26.177.242.138
441,Ashlee,Wybrow,awybrowc8@cnbc.com,Genderqueer,191.61.112.71
442,Katha,Convery,kconveryc9@blogger.com,Non-binary,98.168.235.242
443,Charlotte,Backler,cbacklerca@google.co.uk,Polygender,140.199.110.53
444,Carmelita,Pablo,cpablocb@cnet.com,Non-binary,206.28.37.156
445,Blancha,Denniss,bdennisscc@plala.or.jp,Female,245.94.183.148
446,Marybeth,Brayford,mbrayfordcd@techcrunch.com,Genderfluid,111.213.235.160
447,Markus,Willmett,mwillmettce@sina.com.cn,Non-binary,212.169.237.122
448,Geralda,Cottem,gcottemcf@xing.com,Genderqueer,149.48.21.162
449,Konstanze,Kintish,kkintishcg@google.com.au,Genderfluid,122.110.248.223
450,Dyan,Masdon,dmasdonch@fastcompany.com,Male,110.204.211.223
451,Karilynn,Keningley,kkeningleyci@mac.com,Male,255.90.148.209
452,Mart,Thormann,mthormanncj@delicious.com,Female,126.195.30.143
453,Lenette,Deetlof,ldeetlofck@microsoft.com,Female,136.237.144.92
454,Gaelan,Munks,gmunkscl@businesswire.com,Bigender,148.92.217.115
455,Candy,Benner,cbennercm@slate.com,Genderfluid,16.148.138.83
456,Marius,Giovannilli,mgiovannillicn@cafepress.com,Genderfluid,235.53.185.242
457,Ricardo,Fideler,rfidelerco@bloglines.com,Genderqueer,246.236.203.164
458,Rad,Monk,rmonkcp@jalbum.net,Non-binary,116.184.135.123
459,Inge,Laneham,ilanehamcq@jalbum.net,Female,82.227.29.214
460,Deeyn,Liles,dlilescr@seesaa.net,Bigender,3.251.51.33
461,Sammy,Newtown,snewtowncs@latimes.com,Male,186.47.25.206
462,Etty,Zienkiewicz,ezienkiewiczct@ameblo.jp,Polygender,225.137.178.112
463,Warde,Cyples,wcyplescu@homestead.com,Genderfluid,210.62.106.217
464,Levey,Wiggam,lwiggamcv@homestead.com,Female,108.25.14.108
465,Jessey,Urry,jurrycw@bizjournals.com,Agender,127.102.85.219
466,Willdon,Cockin,wcockincx@ucsd.edu,Female,86.48.48.179
467,Janaye,Cockman,jcockmancy@techcrunch.com,Non-binary,244.189.213.142
468,Grant,Ryves,gryvescz@cnn.com,Genderqueer,242.248.76.242
469,Roseline,Altimas,raltimasd0@hubpages.com,Female,89.7.29.19
470,Jeanne,Logue,jlogued1@about.com,Non-binary,118.84.2.152
471,Zelig,Blastock,zblastockd2@discovery.com,Agender,201.113.59.125
472,Truda,Kitcherside,tkitchersided3@umich.edu,Genderfluid,175.94.188.137
473,Pacorro,Piller,ppillerd4@google.it,Genderqueer,105.35.181.59
474,Marylou,Clapson,mclapsond5@theglobeandmail.com,Polygender,196.176.2.106
475,Husein,Southcombe,hsouthcombed6@imageshack.us,Genderqueer,10.41.45.204
476,Lynett,Braine,lbrained7@canalblog.com,Female,173.111.162.144
477,Briano,Celand,bcelandd8@telegraph.co.uk,Agender,131.119.196.113
478,Quinton,Jenik,qjenikd9@telegraph.co.uk,Genderfluid,209.92.14.161
479,Lennard,McMillian,lmcmillianda@newsvine.com,Non-binary,145.160.184.187
480,Cyrill,Mabe,cmabedb@typepad.com,Polygender,79.92.171.201
481,Stephen,Drysdall,sdrysdalldc@clickbank.net,Genderfluid,9.10.145.154
482,Charil,Goodyear,cgoodyeardd@elegantthemes.com,Bigender,101.72.228.127
483,Domenico,Leijs,dleijsde@macromedia.com,Bigender,129.27.189.6
484,Fifine,Leese,fleesedf@dmoz.org,Male,213.210.154.41
485,Dag,Curedell,dcuredelldg@cpanel.net,Agender,36.155.156.51
486,Milton,Wimbury,mwimburydh@blogspot.com,Male,56.156.56.8
487,Ryley,Le Provest,rleprovestdi@list-manage.com,Genderqueer,138.250.169.103
488,Abdul,Muncer,amuncerdj@dion.ne.jp,Genderqueer,36.119.102.180
489,Desmond,Shelton,dsheltondk@techcrunch.com,Female,164.2.77.117
490,Philbert,Seabon,pseabondl@youtube.com,Genderqueer,39.118.38.98
491,Arley,Adrian,aadriandm@abc.net.au,Agender,175.202.232.247
492,Koralle,Barbisch,kbarbischdn@wordpress.com,Genderqueer,76.180.20.54
493,Jesus,Evitt,jevittdo@cisco.com,Female,180.239.5.245
494,Peggi,Kilfether,pkilfetherdp@blogger.com,Female,105.249.143.105
495,Earlie,Cockin,ecockindq@cafepress.com,Female,201.66.175.175
496,Gwyneth,Batters,gbattersdr@thetimes.co.uk,Genderfluid,166.130.219.234
497,Angie,Rastall,arastallds@dyndns.org,Male,29.203.145.252
498,Nevsa,Duffit,nduffitdt@microsoft.com,Polygender,23.139.127.69
499,Ronalda,Kidds,rkiddsdu@123-reg.co.uk,Genderqueer,137.33.76.20
500,Tobin,Bauduin,tbauduindv@amazon.de,Agender,177.112.216.16
501,Chantalle,Mc Combe,cmccombedw@yellowbook.com,Non-binary,11.249.24.171
502,Marlie,Bysh,mbyshdx@sbwire.com,Genderfluid,98.16.35.110
503,Janetta,Thing,jthingdy@adobe.com,Male,61.88.90.21
504,Arlina,Riseley,ariseleydz@posterous.com,Polygender,46.103.239.61
505,Regen,Anstead,ransteade0@mashable.com,Female,123.99.230.184
506,Walker,Ericssen,wericssene1@dell.com,Male,158.91.216.238
507,Noach,Roote,nrootee2@earthlink.net,Female,104.196.0.123
508,Bee,Saggs,bsaggse3@baidu.com,Genderqueer,68.163.170.140
509,Todd,Folcarelli,tfolcarellie4@google.de,Bigender,203.144.118.32
510,Morty,Durrans,mdurranse5@baidu.com,Bigender,204.119.92.19
511,Tiff,Broomhall,tbroomhalle6@51.la,Polygender,121.255.150.86
512,Dietrich,Goodacre,dgoodacree7@opensource.org,Male,165.137.126.74
513,Neale,Ysson,nyssone8@prnewswire.com,Female,221.74.221.203
514,Vasilis,Feldhorn,vfeldhorne9@drupal.org,Genderqueer,46.27.180.153
515,Ambrosio,Chansonnau,achansonnauea@livejournal.com,Genderfluid,113.203.165.189
516,Davine,Sparwell,dsparwelleb@blogtalkradio.com,Male,102.89.148.175
517,Cristabel,Vatini,cvatiniec@163.com,Polygender,248.178.119.111
518,Delmar,Bounde,dboundeed@networkadvertising.org,Genderqueer,128.55.214.201
519,Andrea,Mamwell,amamwellee@mapy.cz,Male,179.143.102.127
520,Celisse,Paffitt,cpaffittef@theatlantic.com,Female,181.181.168.61
521,Josie,Grix,jgrixeg@blinklist.com,Male,159.197.30.121
522,Corina,Matteo,cmatteoeh@indiatimes.com,Non-binary,137.175.87.28
523,Emmit,Barrim,ebarrimei@chronoengine.com,Genderfluid,4.90.21.209
524,Padriac,Tootal,ptootalej@gizmodo.com,Genderfluid,54.32.39.109
525,Gar,Corradini,gcorradiniek@toplist.cz,Genderqueer,74.63.165.38
526,Colene,Bowstead,cbowsteadel@nature.com,Polygender,62.152.71.79
527,Eldon,Schwartz,eschwartzem@admin.ch,Polygender,32.148.236.207
528,Derwin,Mathey,dmatheyen@shutterfly.com,Bigender,117.100.17.135
529,Andras,Gawler,agawlereo@wunderground.com,Female,118.158.131.196
530,Larisa,Izzett,lizzettep@edublogs.org,Non-binary,146.171.166.233
531,Adiana,Laingmaid,alaingmaideq@soup.io,Genderqueer,29.184.30.48
532,Randy,Kealy,rkealyer@google.co.jp,Genderfluid,21.207.200.189
533,Raynard,Pruckner,rpruckneres@histats.com,Non-binary,76.239.221.13
534,Gilbert,Caulton,gcaultonet@moonfruit.com,Polygender,20.4.41.71
535,Gabrielle,Kirkham,gkirkhameu@arstechnica.com,Bigender,200.94.196.10
536,Sanford,Blincoe,sblincoeev@youtu.be,Male,31.128.231.248
537,Far,Breen,fbreenew@paypal.com,Male,113.181.6.50
538,Allys,Fliege,afliegeex@wufoo.com,Agender,244.46.247.234
539,Madelin,Lake,mlakeey@goo.gl,Female,120.66.238.61
540,Ivonne,Barbera,ibarberaez@free.fr,Non-binary,166.227.213.11
541,Millicent,Ogles,moglesf0@weibo.com,Agender,8.42.100.252
542,Crysta,Dewen,cdewenf1@smh.com.au,Non-binary,118.142.19.251
543,Trenna,Langtree,tlangtreef2@illinois.edu,Agender,154.118.215.148
544,Burke,Panketh,bpankethf3@ca.gov,Bigender,222.24.111.244
545,Ham,Kincla,hkinclaf4@purevolume.com,Agender,58.193.127.205
546,Jaquenetta,Eltone,jeltonef5@unc.edu,Genderqueer,161.107.62.175
547,Lianne,Hughill,lhughillf6@posterous.com,Polygender,150.182.109.242
548,Marita,Olivazzi,molivazzif7@fc2.com,Genderfluid,73.190.223.92
549,Magdalene,Atyeo,matyeof8@fastcompany.com,Polygender,58.94.62.131
550,Gabbie,Lukasen,glukasenf9@epa.gov,Agender,199.128.29.189
551,Vince,Preto,vpretofa@diigo.com,Bigender,19.192.74.180
552,Slade,Padbery,spadberyfb@sina.com.cn,Genderqueer,129.180.10.119
553,Hortensia,Cooch,hcoochfc@japanpost.jp,Non-binary,54.125.234.126
554,Zaneta,Doy,zdoyfd@sina.com.cn,Bigender,65.126.43.241
555,Imelda,Jarmyn,ijarmynfe@acquirethisname.com,Genderfluid,67.6.139.100
556,Gibby,Gillam,ggillamff@godaddy.com,Polygender,47.130.115.234
557,Magda,Dicte,mdictefg@unc.edu,Non-binary,207.178.170.91
558,Brianne,Mariot,bmariotfh@kickstarter.com,Non-binary,53.241.162.13
559,Adham,Ren,arenfi@theguardian.com,Male,103.107.57.199
560,Sheila,O'Mannion,somannionfj@weather.com,Bigender,124.144.54.16
561,Philomena,Sheivels,psheivelsfk@weibo.com,Non-binary,219.12.192.233
562,Zacharie,Tillard,ztillardfl@wp.com,Genderfluid,207.51.29.157
563,Whitaker,Berthomieu,wberthomieufm@wordpress.org,Genderqueer,211.29.12.64
564,Scottie,Downs,sdownsfn@msn.com,Agender,19.192.146.179
565,Vivien,Messier,vmessierfo@who.int,Genderfluid,174.1.107.215
566,Alanna,Santori,asantorifp@foxnews.com,Genderqueer,17.71.100.170
567,Alberta,Killik,akillikfq@live.com,Male,36.103.233.102
568,Hermione,Kellet,hkelletfr@ovh.net,Polygender,133.55.243.49
569,Tann,Embra,tembrafs@harvard.edu,Male,84.159.7.59
570,Sidonia,Yakovlev,syakovlevft@canalblog.com,Non-binary,209.143.248.22
571,Sheelagh,Ceeley,sceeleyfu@i2i.jp,Bigender,8.251.74.58
572,Elka,Ivashinnikov,eivashinnikovfv@qq.com,Bigender,231.17.48.208
573,Grantham,Paulot,gpaulotfw@fema.gov,Polygender,31.101.121.180
574,Dasya,Arnal,darnalfx@ow.ly,Male,38.220.103.72
575,Ursula,Ottewill,uottewillfy@digg.com,Genderqueer,114.52.137.234
576,Magdalena,Simoni,msimonifz@wufoo.com,Genderfluid,19.3.110.74
577,Karel,Yakubovich,kyakubovichg0@facebook.com,Genderqueer,227.51.43.123
578,Ravi,Getcliffe,rgetcliffeg1@over-blog.com,Agender,146.31.131.55
579,Toby,McPharlain,tmcpharlaing2@simplemachines.org,Genderfluid,154.39.118.210
580,Shae,Weaver,sweaverg3@microsoft.com,Non-binary,107.80.237.40
581,Hamlen,Brooks,hbrooksg4@surveymonkey.com,Genderfluid,216.22.156.44
582,Kassandra,Elis,kelisg5@free.fr,Bigender,3.58.141.159
583,Gwenni,Gawthorpe,ggawthorpeg6@com.com,Genderfluid,178.193.84.4
584,Gabi,Balazin,gbalazing7@sciencedirect.com,Genderqueer,18.123.236.132
585,Janetta,Quilliam,jquilliamg8@free.fr,Genderfluid,110.48.248.185
586,Costanza,Palister,cpalisterg9@princeton.edu,Genderqueer,88.93.57.85
587,Gwenni,Suston,gsustonga@about.me,Polygender,173.205.212.77
588,Pall,Ebdon,pebdongb@msu.edu,Agender,223.140.153.62
589,Jodi,Cotterel,jcotterelgc@so-net.ne.jp,Bigender,40.2.84.172
590,Davis,Shaw,dshawgd@jalbum.net,Female,159.133.174.240
591,Breena,Corr,bcorrge@free.fr,Genderfluid,170.223.65.158
592,Booth,Landes,blandesgf@cnbc.com,Male,224.192.232.249
593,Kellyann,Berr,kberrgg@google.ru,Genderfluid,79.146.190.82
594,Rod,Squibbes,rsquibbesgh@wikia.com,Polygender,11.226.27.20
595,Jeffie,Bundock,jbundockgi@drupal.org,Agender,219.209.105.140
596,Dan,Crisell,dcrisellgj@friendfeed.com,Bigender,131.102.22.50
597,Neil,Hindhaugh,nhindhaughgk@deviantart.com,Bigender,32.123.154.200
598,Isiahi,Martins,imartinsgl@1und1.de,Polygender,13.59.191.217
599,Letty,Aizik,laizikgm@cloudflare.com,Bigender,103.14.99.102
600,Charity,Shiel,cshielgn@vimeo.com,Genderfluid,12.213.99.76
601,Ileane,Cardno,icardnogo@time.com,Genderqueer,138.142.37.96
602,Norri,Beagen,nbeagengp@multiply.com,Genderfluid,223.223.107.22
603,Fallon,Peltzer,fpeltzergq@amazonaws.com,Agender,49.179.14.153
604,Blanch,Stilling,bstillinggr@myspace.com,Male,254.2.221.235
605,Emmalynn,Healings,ehealingsgs@linkedin.com,Female,112.63.75.10
606,Robbert,Lewsley,rlewsleygt@yellowpages.com,Polygender,45.84.35.140
607,Belinda,Kevlin,bkevlingu@fc2.com,Genderqueer,46.107.234.22
608,Baryram,McKnish,bmcknishgv@forbes.com,Genderqueer,3.149.89.3
609,Rutger,Cobain,rcobaingw@twitter.com,Genderqueer,0.13.75.33
610,Julianna,Swanwick,jswanwickgx@about.me,Polygender,20.253.172.245
611,Faun,Gerhts,fgerhtsgy@aol.com,Female,32.33.187.27
612,Holli,Trumble,htrumblegz@tripod.com,Genderqueer,202.203.132.37
613,Delano,Reiglar,dreiglarh0@artisteer.com,Female,120.129.222.35
614,Leo,Raven,lravenh1@google.fr,Genderfluid,203.53.181.41
615,Sallee,Chappelow,schappelowh2@godaddy.com,Genderqueer,196.174.30.55
616,Heida,Aland,halandh3@businesswire.com,Polygender,207.112.160.92
617,Gradey,McCall,gmccallh4@forbes.com,Non-binary,217.226.64.225
618,Roarke,Franzonetti,rfranzonettih5@spiegel.de,Genderfluid,209.132.152.108
619,Yves,Zecchinelli,yzecchinellih6@canalblog.com,Genderqueer,22.143.81.173
620,Eugine,Hise,ehiseh7@edublogs.org,Non-binary,184.45.118.205
621,Armin,MacGillacolm,amacgillacolmh8@si.edu,Agender,44.171.237.176
622,Zea,Brobeck,zbrobeckh9@epa.gov,Polygender,56.98.167.187
623,Fanny,Youd,fyoudha@hao123.com,Genderfluid,120.3.177.158
624,Estrellita,Maplethorpe,emaplethorpehb@ovh.net,Female,157.210.243.211
625,Amelina,Betteson,abettesonhc@economist.com,Bigender,139.69.248.172
626,Bord,Trainor,btrainorhd@google.nl,Genderfluid,38.30.199.6
627,Fabiano,Riccetti,friccettihe@reddit.com,Genderfluid,247.2.189.13
628,Greta,Sahnow,gsahnowhf@bloomberg.com,Non-binary,121.187.17.146
629,Abdel,Alexandersen,aalexandersenhg@go.com,Polygender,185.1.179.138
630,Daron,Manicomb,dmanicombhh@google.pl,Bigender,242.42.160.77
631,Celisse,McQueen,cmcqueenhi@cnn.com,Genderqueer,211.82.107.176
632,Piper,Slader,psladerhj@nationalgeographic.com,Polygender,223.42.92.109
633,Alexei,Servis,aservishk@cdc.gov,Male,0.64.6.164
634,Patric,Packington,ppackingtonhl@mapy.cz,Male,108.222.65.132
635,Puff,Haywood,phaywoodhm@timesonline.co.uk,Bigender,9.92.10.180
636,Dominique,Brinklow,dbrinklowhn@prweb.com,Genderqueer,103.213.224.141
637,Guinna,Aldersley,galdersleyho@clickbank.net,Bigender,109.95.79.141
638,Petr,Pepineaux,ppepineauxhp@prweb.com,Bigender,34.227.195.26
639,Scott,Hards,shardshq@vk.com,Agender,97.67.66.253
640,Francklyn,McNuff,fmcnuffhr@dailymail.co.uk,Female,28.202.6.74
641,Tynan,Easton,teastonhs@howstuffworks.com,Genderqueer,97.226.87.242
642,Lyon,Pretsell,lpretsellht@elpais.com,Agender,78.120.215.78
643,Tamra,Rowena,trowenahu@apache.org,Non-binary,97.22.106.5
644,Wells,Vedntyev,wvedntyevhv@umich.edu,Genderfluid,75.54.134.91
645,Dennie,Cluelow,dcluelowhw@nationalgeographic.com,Male,157.29.64.198
646,Timothee,Boggish,tboggishhx@ucsd.edu,Genderfluid,208.120.40.175
647,Donielle,Pender,dpenderhy@histats.com,Genderfluid,182.235.120.129
648,Celesta,Craik,ccraikhz@surveymonkey.com,Male,44.126.100.42
649,Jehu,Brogden,jbrogdeni0@youtu.be,Genderfluid,179.250.177.197
650,Ford,Windas,fwindasi1@europa.eu,Agender,57.14.19.106
651,Wendye,Morritt,wmorritti2@themeforest.net,Polygender,206.123.125.131
652,Lisa,Laurenson,llaurensoni3@ow.ly,Genderqueer,230.133.193.174
653,Raddy,Du Plantier,rduplantieri4@so-net.ne.jp,Polygender,108.57.204.137
654,Odey,Dulling,odullingi5@unblog.fr,Female,49.110.17.213
655,Belicia,Salsberg,bsalsbergi6@pen.io,Genderfluid,181.20.192.221
656,Graham,Townsley,gtownsleyi7@people.com.cn,Agender,125.114.109.82
657,Shaina,Fahrenbacher,sfahrenbacheri8@imdb.com,Non-binary,168.33.203.224
658,Aile,Mont,amonti9@columbia.edu,Genderqueer,206.179.134.187
659,Elyse,Glisane,eglisaneia@miitbeian.gov.cn,Genderqueer,36.27.166.213
660,Ebonee,Emms,eemmsib@icq.com,Male,122.229.137.47
661,Olav,Simcoe,osimcoeic@oracle.com,Non-binary,239.113.117.219
662,Rob,Rawes,rrawesid@blinklist.com,Bigender,121.171.174.139
663,Row,Croucher,rcroucherie@nbcnews.com,Non-binary,8.16.94.118
664,Cacilie,Blancowe,cblancoweif@google.ca,Non-binary,22.161.161.248
665,Wolf,Tabour,wtabourig@plala.or.jp,Non-binary,188.68.156.163
666,Rachelle,Yaknov,ryaknovih@usatoday.com,Male,187.191.125.6
667,Andrei,Hoggan,ahogganii@alexa.com,Bigender,31.105.141.52
668,Felicle,Leopard,fleopardij@wufoo.com,Polygender,60.74.208.202
669,Lemuel,O'Donoghue,lodonoghueik@51.la,Female,61.70.161.82
670,Brendis,Gladyer,bgladyeril@google.co.uk,Male,51.13.14.222
671,Gabriello,Windress,gwindressim@newsvine.com,Bigender,249.34.79.179
672,Melamie,Saph,msaphin@msn.com,Non-binary,50.171.113.189
673,Tori,Martinelli,tmartinelliio@sakura.ne.jp,Polygender,129.241.99.95
674,Correna,McPhail,cmcphailip@buzzfeed.com,Bigender,59.147.249.31
675,Cullen,Kollasch,ckollaschiq@dedecms.com,Polygender,236.188.35.170
676,Sharona,Korda,skordair@ebay.com,Bigender,25.169.146.215
677,Lucho,Choffin,lchoffinis@cmu.edu,Genderfluid,129.207.191.151
678,Marika,Piggins,mpigginsit@ebay.co.uk,Genderfluid,104.168.173.91
679,Robbie,Leveritt,rleverittiu@cornell.edu,Bigender,162.228.212.207
680,Justina,Tolan,jtolaniv@usatoday.com,Male,56.130.246.220
681,Loydie,Sangwine,lsangwineiw@issuu.com,Genderfluid,109.53.240.96
682,Fredrick,Ryman,frymanix@myspace.com,Non-binary,228.255.235.73
683,Eyde,Anderbrugge,eanderbruggeiy@rediff.com,Male,74.50.222.24
684,Sella,Rendbaek,srendbaekiz@networkadvertising.org,Bigender,131.3.85.187
685,Blanca,Maven,bmavenj0@blog.com,Genderqueer,62.199.67.92
686,Jessy,Lowles,jlowlesj1@zimbio.com,Genderfluid,236.175.2.1
687,Annabel,Iacovo,aiacovoj2@istockphoto.com,Non-binary,104.143.152.65
688,Gertrud,Dougal,gdougalj3@fotki.com,Agender,238.137.85.131
689,Veda,Berthod,vberthodj4@businesswire.com,Non-binary,227.89.18.195
690,Kathe,Helbeck,khelbeckj5@harvard.edu,Genderqueer,177.213.136.136
691,Herrick,Farncombe,hfarncombej6@hp.com,Genderfluid,65.49.224.200
692,Richardo,Prangnell,rprangnellj7@boston.com,Genderfluid,238.72.77.66
693,Berni,Yakovl,byakovlj8@ihg.com,Non-binary,46.0.215.171
694,El,Uff,euffj9@chron.com,Agender,190.216.36.139
695,Bord,Oley,boleyja@psu.edu,Female,94.42.19.150
696,Thornton,Grzesiak,tgrzesiakjb@163.com,Bigender,240.91.63.67
697,Abey,O' Hogan,aohoganjc@wordpress.com,Polygender,50.48.64.249
698,Sawyere,Shallo,sshallojd@microsoft.com,Non-binary,88.74.60.89
699,Liliane,Younghusband,lyounghusbandje@cam.ac.uk,Genderqueer,65.177.186.53
700,Shem,Posthill,sposthilljf@reuters.com,Non-binary,77.137.67.255
701,Quincy,O'dell,qodelljg@princeton.edu,Agender,106.148.85.154
702,Corty,De la Eglise,cdelaeglisejh@flavors.me,Agender,100.51.222.24
703,Rita,Willets,rwilletsji@acquirethisname.com,Polygender,246.91.247.1
704,Henryetta,Sinkins,hsinkinsjj@wikia.com,Male,249.182.108.213
705,Lora,Knowlys,lknowlysjk@jugem.jp,Bigender,51.182.242.235
706,Ban,Aloshikin,baloshikinjl@meetup.com,Bigender,180.155.187.101
707,Tiler,Gorling,tgorlingjm@typepad.com,Female,207.221.219.204
708,Eva,Sproul,esprouljn@merriam-webster.com,Female,75.145.35.120
709,Valera,Rumney,vrumneyjo@parallels.com,Agender,115.200.31.221
710,Grayce,Legrice,glegricejp@paginegialle.it,Female,203.166.74.240
711,Bendick,Ruffles,brufflesjq@hao123.com,Genderfluid,185.214.77.101
712,Sara-ann,Gossipin,sgossipinjr@whitehouse.gov,Polygender,177.32.72.244
713,Gipsy,Albrooke,galbrookejs@washington.edu,Non-binary,20.251.153.11
714,Jayne,Kissick,jkissickjt@creativecommons.org,Agender,112.137.7.177
715,Mattias,Stamper,mstamperju@dagondesign.com,Genderfluid,110.168.43.171
716,Shannon,Lamshead,slamsheadjv@sun.com,Genderqueer,154.175.162.9
717,Lilllie,Robison,lrobisonjw@unicef.org,Bigender,217.139.183.116
718,Noell,Dulin,ndulinjx@bloomberg.com,Polygender,215.75.30.113
719,Edgar,Pitson,epitsonjy@cdc.gov,Genderqueer,74.123.210.169
720,Christyna,Krzysztofiak,ckrzysztofiakjz@xinhuanet.com,Non-binary,100.61.69.102
721,Wilbur,Blundan,wblundank0@de.vu,Genderqueer,94.254.129.128
722,Harley,Comi,hcomik1@devhub.com,Polygender,30.96.253.175
723,Tandi,Vaen,tvaenk2@omniture.com,Bigender,0.251.85.89
724,Guilbert,Grumell,ggrumellk3@abc.net.au,Agender,2.145.4.121
725,Linnell,Cooper,lcooperk4@globo.com,Non-binary,137.105.81.169
726,Uriel,Brunel,ubrunelk5@webnode.com,Male,51.121.24.120
727,Shandra,Giggs,sgiggsk6@msn.com,Bigender,216.254.147.228
728,Kendall,Talboy,ktalboyk7@bravesites.com,Bigender,163.128.58.134
729,Linet,Samsworth,lsamsworthk8@hhs.gov,Female,75.136.121.111
730,Davine,Ollcott,dollcottk9@hhs.gov,Bigender,40.31.231.227
731,Reube,Butts,rbuttska@ed.gov,Female,126.191.2.47
732,Kaleb,Caddens,kcaddenskb@slideshare.net,Female,22.222.131.155
733,Tamqrah,Bugdell,tbugdellkc@domainmarket.com,Polygender,51.248.25.5
734,Bobette,Crummay,bcrummaykd@barnesandnoble.com,Bigender,13.124.127.246
735,Zackariah,Echalie,zechalieke@npr.org,Bigender,243.137.181.189
736,Elke,Dailey,edaileykf@answers.com,Bigender,108.181.120.22
737,Alvis,Vasilyevski,avasilyevskikg@4shared.com,Polygender,39.191.189.65
738,Barnaby,Wardesworth,bwardesworthkh@1688.com,Genderfluid,112.178.243.191
739,Rainer,MacLoughlin,rmacloughlinki@ebay.co.uk,Bigender,28.127.186.5
740,Janka,Entwhistle,jentwhistlekj@who.int,Male,209.99.83.209
741,Ivy,Eat,ieatkk@amazon.de,Female,126.54.98.77
742,Cassandre,Bollini,cbollinikl@un.org,Non-binary,123.250.26.104
743,Reggi,Ebanks,rebankskm@unc.edu,Genderqueer,189.213.134.237
744,Elisa,Ciementini,eciementinikn@woothemes.com,Polygender,65.215.156.38
745,Loydie,Yeoland,lyeolandko@europa.eu,Agender,208.247.248.197
746,Gianni,Brookes,gbrookeskp@purevolume.com,Male,204.158.30.154
747,Kristen,Dressel,kdresselkq@github.io,Genderfluid,22.182.132.61
748,Ula,Laurens,ulaurenskr@qq.com,Genderqueer,210.206.53.98
749,Arthur,Uman,aumanks@washington.edu,Genderfluid,231.50.111.119
750,Penny,Baildon,pbaildonkt@studiopress.com,Non-binary,196.139.154.27
751,Bonni,Brayne,bbrayneku@fotki.com,Polygender,253.5.91.15
752,Kaleb,Merry,kmerrykv@jugem.jp,Female,20.38.104.50
753,Jacky,Grady,jgradykw@instagram.com,Bigender,214.122.30.84
754,Delmer,Creech,dcreechkx@hc360.com,Bigender,122.82.131.160
755,Jeannine,Mayling,jmaylingky@t-online.de,Non-binary,31.150.167.12
756,Vanya,Prazor,vprazorkz@ca.gov,Non-binary,233.117.162.194
757,Gaye,Melesk,gmeleskl0@123-reg.co.uk,Genderfluid,185.185.28.218
758,Nevins,Ullett,nullettl1@whitehouse.gov,Genderqueer,153.186.103.2
759,Christi,Drayn,cdraynl2@sakura.ne.jp,Non-binary,81.237.165.160
760,Randal,Swapp,rswappl3@diigo.com,Agender,28.1.216.84
761,Libbi,Downie,ldowniel4@umich.edu,Polygender,130.47.93.38
762,Godard,Duckham,gduckhaml5@statcounter.com,Bigender,109.74.184.22
763,Alberta,Osgar,aosgarl6@slashdot.org,Bigender,227.111.131.128
764,Cordie,Wynrahame,cwynrahamel7@cocolog-nifty.com,Genderfluid,62.157.212.12
765,Adella,Laws,alawsl8@abc.net.au,Genderqueer,112.194.168.237
766,Micheil,Glabach,mglabachl9@wired.com,Male,34.112.104.233
767,Terri,Jouhning,tjouhningla@yale.edu,Male,236.204.26.146
768,Luciano,Binfield,lbinfieldlb@flickr.com,Female,103.166.33.0
769,Herrick,Geldert,hgeldertlc@engadget.com,Polygender,85.224.104.7
770,Brittaney,Klas,bklasld@ezinearticles.com,Non-binary,180.156.140.52
771,Allen,Whatsize,awhatsizele@comsenz.com,Male,153.76.84.61
772,Clemente,le Keux,clekeuxlf@jugem.jp,Bigender,235.108.15.250
773,Jdavie,Olekhov,jolekhovlg@ezinearticles.com,Bigender,210.223.240.170
774,Risa,Linsay,rlinsaylh@smh.com.au,Polygender,143.249.6.18
775,Mead,Nicholl,mnichollli@live.com,Genderfluid,87.85.132.43
776,Trula,Curror,tcurrorlj@elegantthemes.com,Genderqueer,15.60.223.210
777,Rea,Margetts,rmargettslk@baidu.com,Polygender,108.199.10.238
778,Ruprecht,Polle,rpollell@state.gov,Non-binary,23.170.138.227
779,Amye,Cockson,acocksonlm@51.la,Agender,68.6.231.222
780,Colly,Pasby,cpasbyln@nhs.uk,Polygender,38.57.214.176
781,Ottilie,Stretton,ostrettonlo@hubpages.com,Bigender,204.170.94.92
782,Glendon,Catterell,gcatterelllp@goodreads.com,Genderqueer,114.92.172.62
783,Aurelie,Janaszewski,ajanaszewskilq@furl.net,Agender,89.97.166.222
784,Valaria,Cotterrill,vcotterrilllr@abc.net.au,Polygender,32.210.157.156
785,Catlee,Woodgate,cwoodgatels@dot.gov,Non-binary,64.62.197.216
786,Devlen,Chrismas,dchrismaslt@surveymonkey.com,Female,5.162.229.131
787,Sheree,Giuron,sgiuronlu@people.com.cn,Bigender,177.215.91.15
788,Winfield,Kellaway,wkellawaylv@rakuten.co.jp,Male,192.62.197.169
789,Lauryn,Marsie,lmarsielw@sciencedirect.com,Non-binary,246.247.252.61
790,Cacilia,Conkey,cconkeylx@globo.com,Genderfluid,92.85.62.76
791,Gawain,Scogin,gscoginly@webmd.com,Female,214.40.8.188
792,Stephi,Lougheid,slougheidlz@msn.com,Non-binary,148.125.113.87
793,Marget,Ivanishev,mivanishevm0@amazon.co.jp,Female,10.0.104.167
794,Bealle,Lesley,blesleym1@elpais.com,Male,104.34.97.206
795,Stormi,Doiley,sdoileym2@yelp.com,Non-binary,91.102.3.117
796,Eugenia,Cosker,ecoskerm3@github.io,Agender,202.122.4.169
797,Karee,De Winton,kdewintonm4@reddit.com,Genderqueer,136.244.10.134
798,Herby,Gipp,hgippm5@nifty.com,Agender,100.222.222.28
799,Chic,Edeler,cedelerm6@sciencedaily.com,Female,179.38.55.44
800,Marlene,Riggeard,mriggeardm7@blogspot.com,Non-binary,167.223.102.70
801,Dominique,Apark,daparkm8@ft.com,Bigender,228.183.37.188
802,Lars,Insworth,linsworthm9@taobao.com,Genderqueer,207.242.133.138
803,Timoteo,Snodin,tsnodinma@taobao.com,Agender,8.137.105.219
804,Kent,Bereford,kberefordmb@gmpg.org,Female,246.247.94.6
805,Judy,Lacase,jlacasemc@nationalgeographic.com,Female,64.48.177.240
806,Harriette,Scanlin,hscanlinmd@skype.com,Male,16.182.241.155
807,Garald,Kilcoyne,gkilcoyneme@apache.org,Agender,212.247.255.151
808,Daisey,Copcote,dcopcotemf@accuweather.com,Non-binary,226.147.76.60
809,Rhett,Keslake,rkeslakemg@army.mil,Polygender,235.127.122.13
810,Neil,Fowlestone,nfowlestonemh@google.com.hk,Male,174.64.24.117
811,Delilah,Lawes,dlawesmi@yahoo.com,Genderqueer,54.185.125.65
812,Say,Kittoe,skittoemj@purevolume.com,Genderqueer,100.146.236.133
813,Happy,Bavester,hbavestermk@ovh.net,Agender,190.31.152.39
814,Kimmie,Brooking,kbrookingml@feedburner.com,Male,75.207.72.156
815,Klarrisa,Henric,khenricmm@columbia.edu,Polygender,45.11.2.193
816,Vikky,Covey,vcoveymn@about.me,Genderfluid,164.127.221.159
817,Krishna,Muat,kmuatmo@stumbleupon.com,Genderqueer,162.71.27.141
818,Tamarra,Rowston,trowstonmp@pagesperso-orange.fr,Genderqueer,5.74.79.56
819,Juliette,Malamore,jmalamoremq@weebly.com,Male,48.96.103.232
820,Flss,Mynett,fmynettmr@wikia.com,Genderfluid,41.86.54.193
821,Mendie,Biddiss,mbiddissms@springer.com,Polygender,157.254.79.20
822,Francklyn,McKechnie,fmckechniemt@geocities.com,Genderqueer,73.118.75.203
823,Kendrick,Siegertsz,ksiegertszmu@merriam-webster.com,Male,142.167.192.114
824,Murial,Redley,mredleymv@oracle.com,Male,233.204.45.123
825,Bartolemo,Crocumbe,bcrocumbemw@histats.com,Male,131.114.209.50
826,Donal,Gyenes,dgyenesmx@oaic.gov.au,Non-binary,4.8.80.235
827,Ulysses,Igoe,uigoemy@surveymonkey.com,Genderqueer,29.18.138.85
828,Adelaida,Jansik,ajansikmz@ucoz.ru,Non-binary,76.120.152.179
829,Caren,Tipton,ctiptonn0@theatlantic.com,Bigender,5.224.229.220
830,Ric,Anchor,ranchorn1@wisc.edu,Male,82.230.35.100
831,Hunt,Enrico,henricon2@istockphoto.com,Genderqueer,214.36.192.231
832,Del,Unsworth,dunsworthn3@wp.com,Male,89.146.104.76
833,Yorker,Sotheron,ysotheronn4@liveinternet.ru,Genderqueer,13.30.249.250
834,Creight,Brozek,cbrozekn5@diigo.com,Agender,42.206.240.63
835,Eben,Beuscher,ebeuschern6@blogtalkradio.com,Polygender,153.33.98.70
836,Carol,Bortoloni,cbortolonin7@dell.com,Non-binary,7.51.118.155
837,Marie-jeanne,Candy,mcandyn8@flavors.me,Genderqueer,87.113.156.239
838,Freddy,Pert,fpertn9@oakley.com,Female,31.214.158.157
839,Corilla,Klais,cklaisna@odnoklassniki.ru,Polygender,243.133.92.247
840,Gianina,Brittain,gbrittainnb@oracle.com,Agender,63.9.136.56
841,Guntar,Colborn,gcolbornnc@oaic.gov.au,Male,90.238.184.31
842,Mead,Kedward,mkedwardnd@hhs.gov,Non-binary,141.247.230.161
843,Feliza,O'Connel,foconnelne@live.com,Bigender,73.183.130.199
844,Louisette,Joska,ljoskanf@joomla.org,Agender,141.26.114.138
845,Phillip,Kiledal,pkiledalng@php.net,Male,30.208.246.55
846,Leoline,Adao,ladaonh@twitpic.com,Genderqueer,38.94.121.192
847,Correy,Staziker,cstazikerni@storify.com,Genderqueer,208.32.115.174
848,Stearn,Sockell,ssockellnj@statcounter.com,Agender,150.82.41.189
849,Alvinia,Sitlington,asitlingtonnk@youtu.be,Genderqueer,155.226.12.165
850,Bethanne,Allkins,ballkinsnl@skyrock.com,Bigender,70.244.248.222
851,Saundra,Charke,scharkenm@noaa.gov,Non-binary,67.1.19.203
852,Kevan,Berisford,kberisfordnn@cnbc.com,Agender,29.124.79.198
853,Selena,Moynihan,smoynihanno@reference.com,Polygender,141.139.207.18
854,Keslie,Zarb,kzarbnp@auda.org.au,Agender,238.79.209.131
855,Geoff,Booi,gbooinq@cpanel.net,Agender,133.124.128.163
856,Derrek,Warne,dwarnenr@myspace.com,Male,189.150.122.133
857,Lonnie,Croker,lcrokerns@histats.com,Female,188.116.74.5
858,Mariette,Bartali,mbartalint@opensource.org,Female,125.29.4.65
859,Essa,Lang,elangnu@geocities.com,Genderqueer,5.234.104.42
860,Mellisent,Sowerbutts,msowerbuttsnv@ftc.gov,Female,44.150.69.58
861,Gretta,Kinver,gkinvernw@abc.net.au,Agender,86.247.47.211
862,Em,Alabastar,ealabastarnx@latimes.com,Genderqueer,217.217.123.13
863,Gwenneth,Shimuk,gshimukny@jiathis.com,Male,151.201.214.20
864,Yettie,Cordon,ycordonnz@webs.com,Polygender,233.35.6.121
865,Andrus,Baxandall,abaxandallo0@ow.ly,Genderqueer,234.117.245.62
866,Isidoro,Gregson,igregsono1@ebay.com,Male,4.253.221.162
867,Viviene,Drable,vdrableo2@google.nl,Bigender,101.241.196.173
868,Elianora,Gladbeck,egladbecko3@ebay.co.uk,Male,32.202.32.241
869,Shanta,Searston,ssearstono4@cnet.com,Genderfluid,9.233.44.128
870,Burtie,Lavender,blavendero5@foxnews.com,Agender,171.177.231.206
871,Ernaline,Freckleton,efreckletono6@yellowbook.com,Polygender,77.112.206.81
872,Pincas,Charlon,pcharlono7@smh.com.au,Genderfluid,59.112.180.107
873,Robinetta,Guillond,rguillondo8@angelfire.com,Polygender,62.187.65.211
874,Gerick,Hartrick,ghartricko9@topsy.com,Genderqueer,237.196.91.7
875,Nell,Kield,nkieldoa@hao123.com,Genderqueer,52.235.237.130
876,Meryl,Stepney,mstepneyob@dropbox.com,Genderfluid,152.206.202.185
877,Ahmad,Hebburn,ahebburnoc@odnoklassniki.ru,Non-binary,241.62.238.245
878,Tremayne,Sturge,tsturgeod@gnu.org,Agender,174.69.43.92
879,Welby,Ebdon,webdonoe@unicef.org,Polygender,202.96.203.154
880,Dal,Bilovsky,dbilovskyof@instagram.com,Genderfluid,125.222.129.96
881,Lauren,Gerner,lgernerog@gov.uk,Polygender,153.232.32.110
882,Imelda,Ladbrook,iladbrookoh@vinaora.com,Female,242.82.212.48
883,Brandais,Harcombe,bharcombeoi@gravatar.com,Agender,51.231.85.132
884,Nike,Stebbings,nstebbingsoj@psu.edu,Female,249.178.54.88
885,Lettie,Abramson,labramsonok@fotki.com,Agender,176.132.225.152
886,Joella,Fullicks,jfullicksol@webs.com,Agender,240.139.71.195
887,Moreen,Linzey,mlinzeyom@globo.com,Agender,187.246.170.123
888,Michaella,Tilzey,mtilzeyon@naver.com,Female,116.163.120.43
889,Merrick,Chessum,mchessumoo@home.pl,Genderfluid,62.92.29.157
890,Maximo,Chetter,mchetterop@sun.com,Bigender,70.203.238.206
891,Derril,Hirtz,dhirtzoq@google.com.hk,Genderfluid,34.103.159.198
892,Clayson,Calrow,ccalrowor@domainmarket.com,Agender,64.194.179.91
893,Daniella,Rubi,drubios@shareasale.com,Male,84.5.76.59
894,Rolando,Ducker,rduckerot@ning.com,Agender,71.98.157.188
895,Donna,Shurlock,dshurlockou@google.nl,Genderqueer,195.185.81.238
896,Tobe,Baynes,tbaynesov@sina.com.cn,Non-binary,51.184.213.60
897,Kristine,Screech,kscreechow@51.la,Non-binary,120.117.34.123
898,Willi,Yurmanovev,wyurmanovevox@cyberchimps.com,Genderqueer,242.11.182.142
899,Gerhard,Teacy,gteacyoy@hc360.com,Male,178.68.122.202
900,Bealle,Pyvis,bpyvisoz@yelp.com,Male,128.76.7.138
901,Noll,Sambell,nsambellp0@indiegogo.com,Male,116.34.196.204
902,Emma,Kondratovich,ekondratovichp1@ifeng.com,Agender,178.122.224.231
903,Anthe,Crat,acratp2@hibu.com,Male,13.112.221.57
904,Yoko,Boston,ybostonp3@edublogs.org,Agender,160.50.141.107
905,Ahmed,Neasam,aneasamp4@ocn.ne.jp,Genderfluid,216.93.6.41
906,Lincoln,Trevain,ltrevainp5@topsy.com,Polygender,94.1.137.100
907,Forrester,Oylett,foylettp6@cornell.edu,Genderqueer,27.15.11.136
908,Helaina,Keasley,hkeasleyp7@mlb.com,Bigender,183.202.15.236
909,Tana,Face,tfacep8@spotify.com,Male,64.71.156.188
910,Alexia,Donet,adonetp9@devhub.com,Polygender,66.44.172.178
911,Irv,Degoey,idegoeypa@fastcompany.com,Genderfluid,180.39.118.138
912,Brittne,Smullin,bsmullinpb@independent.co.uk,Polygender,178.150.72.164
913,Chelsae,Petr,cpetrpc@etsy.com,Female,173.193.251.17
914,Norma,Bosden,nbosdenpd@plala.or.jp,Genderfluid,120.19.109.49
915,Suzi,Pinchen,spinchenpe@livejournal.com,Bigender,215.61.117.91
916,Rossy,Lauret,rlauretpf@acquirethisname.com,Polygender,142.26.199.180
917,Gwenette,Waldie,gwaldiepg@theglobeandmail.com,Genderfluid,168.139.201.225
918,Dorris,McGrory,dmcgroryph@tinyurl.com,Female,159.88.11.94
919,Jacob,Mithon,jmithonpi@phpbb.com,Agender,90.16.136.60
920,Yasmin,Guerrero,yguerreropj@whitehouse.gov,Non-binary,64.207.57.6
921,Kris,Suggey,ksuggeypk@mysql.com,Non-binary,59.49.43.104
922,Boycie,Duchatel,bduchatelpl@nba.com,Polygender,137.66.26.149
923,Saundra,Pala,spalapm@instagram.com,Agender,204.191.109.213
924,Ana,Sextie,asextiepn@theguardian.com,Genderfluid,247.188.82.56
925,Porter,Daudray,pdaudraypo@merriam-webster.com,Male,211.238.186.172
926,Saunders,Meas,smeaspp@nytimes.com,Female,9.208.8.169
927,Shea,Spragg,sspraggpq@last.fm,Male,186.90.120.26
928,Jecho,Gianneschi,jgianneschipr@sciencedirect.com,Agender,0.128.189.30
929,Darice,Bareford,dbarefordps@weebly.com,Female,27.151.119.250
930,Artemus,Kalderon,akalderonpt@cargocollective.com,Agender,70.81.61.39
931,Bogey,McClary,bmcclarypu@gnu.org,Genderqueer,231.43.196.65
932,Constantina,Mariel,cmarielpv@rambler.ru,Genderqueer,182.226.153.100
933,Barrie,Epdell,bepdellpw@uol.com.br,Bigender,177.95.70.255
934,Karin,Kalinowsky,kkalinowskypx@mit.edu,Polygender,124.179.126.187
935,Stevena,Hogsden,shogsdenpy@over-blog.com,Male,135.15.177.53
936,Joby,Dahlbom,jdahlbompz@hatena.ne.jp,Agender,133.155.212.232
937,Hertha,Shiel,hshielq0@feedburner.com,Female,171.58.3.210
938,Poppy,Ivel,pivelq1@oaic.gov.au,Non-binary,225.25.85.207
939,Wayne,Mityushin,wmityushinq2@paypal.com,Non-binary,236.10.161.111
940,Jackelyn,Lindholm,jlindholmq3@economist.com,Non-binary,35.236.104.175
941,Lucho,McGrah,lmcgrahq4@nymag.com,Non-binary,10.188.166.71
942,Shawna,Couling,scoulingq5@salon.com,Bigender,180.235.242.3
943,Gerry,Giovannazzi,ggiovannazziq6@ask.com,Female,119.56.172.111
944,Pooh,Spires,pspiresq7@washingtonpost.com,Genderfluid,64.214.7.196
945,Clara,Papierz,cpapierzq8@discovery.com,Agender,149.222.139.211
946,Carolee,De Ruggiero,cderuggieroq9@walmart.com,Female,103.233.250.218
947,Hadley,Liversidge,hliversidgeqa@domainmarket.com,Non-binary,54.40.189.161
948,Thorvald,Volleth,tvollethqb@go.com,Non-binary,34.163.107.208
949,Toby,Hookes,thookesqc@toplist.cz,Genderqueer,100.26.173.35
950,Shadow,Swallwell,sswallwellqd@nbcnews.com,Female,68.142.73.55
951,Christos,Masey,cmaseyqe@joomla.org,Genderfluid,85.41.104.37
952,Renell,Sandy,rsandyqf@webeden.co.uk,Agender,42.208.221.25
953,Eveline,Jaynes,ejaynesqg@arizona.edu,Agender,22.217.104.151
954,L;urette,Nelle,lnelleqh@house.gov,Genderfluid,186.187.94.30
955,Denice,Ort,dortqi@google.co.uk,Non-binary,182.62.78.63
956,Bebe,Terzi,bterziqj@dyndns.org,Polygender,160.9.136.204
957,Melesa,Asplen,masplenqk@feedburner.com,Agender,136.187.43.160
958,Flore,Coppock.,fcoppockql@washington.edu,Non-binary,105.58.179.215
959,Lucille,Siemianowicz,lsiemianowiczqm@newyorker.com,Non-binary,188.61.131.46
960,Torr,Bramble,tbrambleqn@cam.ac.uk,Female,158.28.90.89
961,Perrine,McQuorkel,pmcquorkelqo@sogou.com,Female,150.142.77.80
962,Henriette,Alden,haldenqp@hhs.gov,Polygender,59.40.150.225
963,Dniren,Gatlin,dgatlinqq@printfriendly.com,Non-binary,119.150.79.244
964,Catriona,Gofton,cgoftonqr@upenn.edu,Male,62.158.36.92
965,Yolande,Codrington,ycodringtonqs@bandcamp.com,Male,51.101.158.10
966,Ayn,Newey,aneweyqt@nyu.edu,Genderqueer,170.20.74.3
967,Lawrence,Varey,lvareyqu@microsoft.com,Female,24.205.216.158
968,Kristos,Yes,kyesqv@purevolume.com,Polygender,224.15.165.112
969,Jenni,Yurenin,jyureninqw@devhub.com,Female,75.249.45.204
970,Bev,Cockhill,bcockhillqx@feedburner.com,Genderfluid,6.22.80.87
971,Tallulah,Yellowlee,tyellowleeqy@washington.edu,Genderqueer,37.69.117.29
972,Shayne,Riach,sriachqz@github.io,Male,1.207.245.255
973,Kevyn,Letessier,kletessierr0@guardian.co.uk,Male,72.156.24.127
974,Thibaud,Maier,tmaierr1@163.com,Polygender,152.193.247.7
975,Conchita,Lambkin,clambkinr2@walmart.com,Female,2.54.117.159
976,Uta,Pallaske,upallasker3@harvard.edu,Genderfluid,99.44.185.22
977,Clareta,Poli,cpolir4@marketwatch.com,Polygender,209.115.185.173
978,Yolanthe,Vost,yvostr5@patch.com,Bigender,69.77.176.15
979,Ermin,Jendrich,ejendrichr6@51.la,Agender,85.82.82.165
980,Barnaby,Linsay,blinsayr7@ed.gov,Agender,149.131.220.255
981,Devin,O'Scully,doscullyr8@cdc.gov,Female,198.195.134.56
982,Merissa,Elacoate,melacoater9@ucsd.edu,Bigender,11.58.164.36
983,Barbabra,Collecott,bcollecottra@wikispaces.com,Genderqueer,98.89.207.54
984,Salvatore,Pauly,spaulyrb@auda.org.au,Non-binary,115.246.159.168
985,Andria,Lenoir,alenoirrc@artisteer.com,Bigender,158.77.180.149
986,Lucretia,Menicomb,lmenicombrd@free.fr,Non-binary,116.79.116.215
987,Cecily,Hawson,chawsonre@digg.com,Polygender,254.187.236.154
988,Adrian,Hendrix,ahendrixrf@taobao.com,Female,121.159.168.70
989,Sebastian,Synke,ssynkerg@bigcartel.com,Non-binary,34.188.93.175
990,Niles,Sinclar,nsinclarrh@sbwire.com,Bigender,147.95.200.144
991,Kassie,Dibbs,kdibbsri@stumbleupon.com,Non-binary,88.41.52.19
992,Page,Badcock,pbadcockrj@pbs.org,Female,115.17.75.39
993,Pattie,Kaplin,pkaplinrk@1688.com,Bigender,44.121.40.40
994,Hilliard,Rambaut,hrambautrl@sun.com,Polygender,140.109.137.195
995,Marshal,Lancaster,mlancasterrm@smugmug.com,Bigender,88.188.106.187
996,Debi,Carwithim,dcarwithimrn@google.co.uk,Agender,202.72.245.87
997,Felita,Quinney,fquinneyro@who.int,Non-binary,192.19.218.50
998,Alverta,Sworder,asworderrp@ihg.com,Non-binary,110.178.158.101
999,Melloney,Belliveau,mbelliveaurq@forbes.com,Polygender,28.197.9.166
1000,Cullan,Bellhanger,cbellhangerrr@51.la,Non-binary,147.105.132.88
